,feature1,feature2,class
0,4.2646323301335345,-2.679360721436674,1.0
1,-2.073791212199679,-10.059099402057212,1.0
2,-1.8938926757734498,4.504847171245196,0.0
3,-0.5298884406128481,-3.0595884690400417,0.0
4,-2.9589820812415195,-0.15688725921883795,0.0
5,-0.4566366940978679,-0.935963037035318,0.0
6,-2.2664496310562336,5.834613838744849,0.0
7,-2.966574415621958,-6.164620827464563,0.0
8,-4.0154123382808065,2.7867719914475395,0.0
9,4.082918207892434,1.0735827395671516,0.0
10,0.7832255178263844,-4.087606771786635,0.0
11,-6.124409177237012,-0.30281609270809673,1.0
12,-1.1879091706352467,1.0262089465579347,0.0
13,-5.53488989626935,-0.25128039641892774,1.0
14,0.05378417700078364,0.10188178122176672,0.0
15,1.040821968825689,-1.2219315887434372,0.0
16,-1.096508072539227,-7.606807565557149,1.0
17,-2.9885360086832566,3.253148617627252,0.0
18,-0.589258550116369,-6.768626922845813,0.0
19,-7.558043386068784,-7.3158069745882335,1.0
20,-1.1630825013098172,1.8078012011377182,0.0
21,-0.4327075606674744,-7.599482032309024,0.0
22,-4.276105230686733,-6.441462891407955,1.0
23,-1.900120401646804,-0.2073802867854233,0.0
24,-5.830530209047517,-0.5785423151034336,1.0
25,2.180317617298904,-3.8493834044317516,0.0
26,5.910966018246561,0.9480611747234228,0.0
27,-4.14142601776038,-5.195366670527356,1.0
28,8.27602246023436,-0.10462738861656251,0.0
29,-5.213973877275776,-0.45183650821549537,1.0
30,-3.3169351901969413,-9.387414747526565,0.0
31,-2.3500392079703065,-7.2128463675906715,1.0
32,8.602201584735564,3.8909620207908246,0.0
33,-1.43576515689761,-6.049045865976278,1.0
34,-2.421208780305604,-7.187898847236652,1.0
35,0.07422603185799392,-7.4378674734809636,1.0
36,4.191162497854204,-0.23075528483539864,1.0
37,-5.296372884107793,-5.753282451598096,0.0
38,-4.123007413558506,-7.328808292366916,1.0
39,-5.861502994110882,-6.771225258305337,1.0
40,4.690667197707006,0.3581850734249987,1.0
41,-6.4527179906736665,2.0195113635516435,1.0
42,-4.5060335981047706,-7.756520261424626,1.0
43,-4.6187113074588995,-5.964928731067724,1.0
44,5.3444534354302435,-1.9930134315500534,1.0
45,-1.5840417792224222,-6.902371662939819,1.0
46,-4.673093824165116,-6.7720190784224386,0.0
47,-0.8630698136529371,-9.559566051466089,1.0
48,-0.17468251616042063,-0.2855731736629221,0.0
49,-5.130928443449074,-6.255770014917989,1.0
50,-2.2853955045872323,-5.412864827574312,1.0
51,-4.378046885868233,3.855378970073707,0.0
52,-1.0827300011737933,-3.431819285337702,0.0
53,0.5511680496218923,-2.5627645232922487,0.0
54,-5.480073556569613,-9.109923280909875,0.0
55,-6.385411379053326,-1.3700907254769732,1.0
56,-4.471018383731964,3.635195175425879,0.0
57,7.7395053384803525,0.35928449491205927,0.0
58,7.011375751303211,1.844428452803628,0.0
59,-2.1487715929346063,0.23869033346801327,0.0
60,-1.4459154459931656,-8.313328991839319,0.0
61,-2.4259828701021133,-7.64159877952717,1.0
62,5.819002126578399,-0.9360770554811012,1.0
63,-7.617756548147414,2.0582341172759144,1.0
64,0.6937491633271695,1.7659191865694361,0.0
65,-2.7652167006986175,2.378296772551934,0.0
66,4.676912858747957,-0.7707409049044327,0.0
67,-0.9749533122797878,-7.0833726194355595,1.0
68,-1.8039631490705417,3.0227836229929315,0.0
69,0.6674098178908254,-9.757242815114077,1.0
70,0.6180502406322615,-2.6906153655916256,0.0
71,-8.047740112310997,-1.152347469743457,1.0
72,-6.9725535072831555,1.1842645007134465,1.0
73,-1.4178954865609161,-1.799871149437695,0.0
74,-2.2077531169428712,1.9936663487555109,0.0
75,-1.56213699577345,0.06813742522632316,0.0
76,4.1793449371315585,-0.5456069790023038,1.0
77,-2.4159562936044154,-7.855180633618632,1.0
78,10.054575361973612,2.0449447216874397,0.0
79,-0.9963662563656555,-4.118831276592423,0.0
80,8.72895618171634,0.8819229477155454,0.0
81,0.44303949544447174,0.7878429101798332,0.0
82,-4.205765007495689,2.3779088877409285,0.0
83,-0.7062552273236706,3.70984210769946,0.0
84,-6.863328780725087,-1.221455637232891,1.0
85,-2.588402240144621,-7.758540018251748,1.0
86,-4.805465903685962,4.496912618850864,0.0
87,-2.703302459082626,3.553355270263671,0.0
88,-3.454144093802184,-4.835916166345133,1.0
89,-3.5106894919817364,-7.053818032703096,1.0
90,-1.4096074293906038,-8.447406941788241,1.0
91,-0.9212469815338946,-7.330160725059252,1.0
92,-4.774113387535641,4.748958143011737,0.0
93,2.809827915165853,-3.2292158404229703,1.0
94,-2.521550819434374,-6.833860427313171,1.0
95,4.588281253738144,-1.366078944866557,1.0
96,-5.583692120520652,-7.434364915169292,1.0
97,7.347921885537459,2.489742711611615,0.0
98,-0.47342406896666134,-5.719759391286299,1.0
99,2.262547570547743,-1.464979453544701,1.0
100,2.8739240280989056,-4.330315588378871,0.0
101,-0.971349591546043,-6.9972014757338705,0.0
102,-0.17281856491033076,1.6374385032875693,0.0
103,-0.8421082905009072,-7.578174147604682,0.0
104,-3.2779688280161396,-5.479322129963339,1.0
105,6.9522026086290385,-1.04018581079344,0.0
106,-6.623325706416003,1.7693944348254789,1.0
107,-8.134192344048714,-0.235918182856234,1.0
108,-0.20798924681453856,-8.221079702685971,1.0
109,-7.3529586554730315,0.44199283467883976,1.0
110,-0.43863961572120536,1.0666587574848645,0.0
111,-1.3703384448091913,-6.115064063826988,0.0
112,6.532539257731788,1.3899902547108214,0.0
113,-4.901820731462459,0.263556468539025,1.0
114,7.321005091329666,0.539062057257192,0.0
115,4.383829138898814,-1.5276349413792665,1.0
116,-3.3410885176999683,4.78400112591129,0.0
117,1.6372173100234138,1.3256655300233162,1.0
118,5.518858541619299,-1.7914075055099374,1.0
119,-2.2464124194462123,-8.96905975634159,1.0
120,-2.7646849608976765,-7.661861219567305,1.0
121,0.6045201609343063,-8.837754767463492,0.0
122,-2.035953245108963,2.130679174498297,0.0
123,1.9002493542327308,-4.49448929674259,0.0
124,-2.8872612281833057,-4.69827395677679,0.0
125,-6.217938199271202,0.5374541134711825,1.0
126,-1.2278910905773575,2.9412492393748733,0.0
127,-3.331995749157932,3.7588169523557147,0.0
128,3.4299082890824644,-1.5116080357852963,1.0
129,-0.6649273843534382,0.08872764590360616,0.0
130,-2.784022772719196,-7.965166492281637,0.0
131,-3.70483247976611,-4.351421282986824,1.0
132,-0.19949227443575124,-8.193869252647826,0.0
133,4.277158695040713,-1.99756445088662,1.0
134,-7.10355428030709,1.009561621197419,1.0
135,-0.6522846230551151,-7.228077817825379,1.0
136,2.9191906281818114,1.2606505953930065,1.0
137,7.550760254924494,-0.8054052507624228,0.0
138,-2.848153237159617,-7.27165143695744,0.0
139,0.059810399160497685,-1.5560325731242106,0.0
140,8.350087680297237,1.3568864214251102,0.0
141,7.292380439620535,4.203377411527509,0.0
142,-2.1570444634255357,-6.396769370760893,1.0
143,-3.5811768939650115,-8.69036148536761,1.0
144,-1.277301744598483,-8.623430808716842,1.0
145,-5.983354061065385,-2.0300542169903144,1.0
146,-5.2161366949925885,-9.537554488666364,1.0
147,4.932188423620417,-0.8166402252649604,1.0
148,-4.1266257464458125,-7.701058802650075,1.0
149,4.441769771133314,-2.033935548371283,1.0
150,-0.7148043899121956,-8.054850772158707,0.0
151,0.3720161490431735,-3.2530069746068824,0.0
152,4.520383983781444,-0.8299348931199033,1.0
153,-2.373089815047041,3.0058142917207022,0.0
154,-1.8885879158952532,-8.495038877976608,0.0
155,-6.835926081122824,0.5716631468547557,1.0
156,1.251100467729652,-3.925499299030222,0.0
157,4.540934421015583,-2.575568474067105,1.0
158,2.9050178541413985,-1.7081148962504917,0.0
159,-3.4803578378337576,3.3225861240919405,0.0
160,-6.918886228317931,1.7027318382491383,1.0
161,-4.082447998500864,-7.593928081911399,1.0
162,-1.4136488775243783,-8.230439618333532,1.0
163,-1.2215115171324045,-7.719860186050495,0.0
164,-4.821009047182116,4.259679545748196,0.0
165,-3.6686074875908625,-8.388025041237562,1.0
166,1.7745699712187277,-2.4145212391767457,0.0
167,-3.523757231710598,5.513112533335377,0.0
168,-0.5107100803000211,-5.911516258413924,0.0
169,-2.73304644161603,-7.372664808137309,1.0
170,-7.529111186833726,-0.2082490564477747,1.0
171,6.694855054849759,2.0196281085439063,0.0
172,-1.0463466330936892,-8.132886094826567,0.0
173,-6.471019023037969,0.18101690596213107,1.0
174,-3.6698896038604576,-4.589794962207725,1.0
175,-2.1690223590176507,-8.284943871755237,1.0
176,-3.353479960164911,-3.8547128560835247,1.0
177,-4.601099455227031,2.87537013761961,0.0
178,0.04926314900999751,3.6005436698567923,0.0
179,4.332344047258232,0.08107661390184862,1.0
180,-2.124296631016399,-10.124682017229626,1.0
181,-2.9628335182417898,-7.411867515203872,1.0
182,-3.397152267552884,-6.278983018333969,1.0
183,-5.20325263306965,-0.7749465090433996,1.0
184,-3.9569827004320692,-8.117448679148247,0.0
185,7.7230907202351675,-0.87587059733641,0.0
186,-2.7926386007248394,0.2778042096195166,0.0
187,-5.217782016424429,-0.13723796495232565,1.0
188,10.038285729939762,0.22814733385065966,0.0
189,-1.6871652426221937,3.96001871098226,0.0
190,9.253933240493366,1.6413900639452064,0.0
191,0.9860870530486414,-8.329998362372393,0.0
192,3.714285337529348,-1.2947140548360003,1.0
193,-2.2111965122237764,-7.803821189088276,1.0
194,-5.0281670957567925,-4.523308544881936,1.0
195,-4.225926687178525,1.3770930661394942,0.0
196,-0.8856900860191287,-7.64162403773286,0.0
197,-2.8014511164145803,3.795195231884451,0.0
198,-4.307683434632408,-5.692500302329567,1.0
199,4.265890193636297,-0.12705752434433593,1.0
200,-0.47188631804546566,2.5668440839912794,0.0
201,-7.172198746855729,-0.6797751912730166,1.0
202,7.915619295257516,-0.8860025667981644,0.0
203,-2.391276197532114,2.5639091530258735,0.0
204,0.762115349146083,0.5744114697816489,0.0
205,2.2986976877691174,1.6717508267363654,0.0
206,-3.0683721194275875,-7.403252375214333,1.0
207,-1.2503199934398297,-8.925084115202331,0.0
208,0.7511998834866565,-2.8462800870362903,1.0
209,-6.472785677416793,0.9728838837804228,1.0
210,-1.8265125282633892,-5.487716044787779,1.0
211,-7.640185482836648,-0.4033277661085588,1.0
212,-7.140678082890252,-0.29694271623539936,1.0
213,-0.6402414424641676,-6.9985526117241115,1.0
214,1.0235659565273973,0.35186237105503326,0.0
215,-2.5282468202666593,-6.71805455132863,0.0
216,-3.484801026855114,-5.003700256188742,1.0
217,-3.008724508434887,2.4627489202273734,0.0
218,6.240579398185135,-1.154331078166053,1.0
219,0.2134993789351063,1.2210243021760623,0.0
220,2.59652358244623,-2.9790363819627976,0.0
221,0.5747017552113708,-3.5367276930338996,0.0
222,-3.928119802617025,-10.96851267402017,0.0
223,7.696284098141247,-0.7463378716607982,0.0
224,-0.8714570181211551,-8.039140829379964,0.0
225,-2.0535768823378158,-6.433965564001592,0.0
226,-3.6557855889222304,-6.512213905993355,1.0
227,3.2502341082818034,-0.49012402034879154,1.0
228,7.083968452007206,1.9168854132438664,0.0
229,-3.462110438122707,-6.299512974396504,1.0
230,-8.099528998988204,0.9690540530493208,1.0
231,0.6322166282450306,2.10046854524069,0.0
232,7.459842100944044,-1.9121507073516595,1.0
233,2.357901104610754,0.6090318743778294,1.0
234,8.095824502651942,1.2674079480507694,0.0
235,-0.45776877645994896,-4.836755024137791,0.0
236,-6.955337883539053,1.092482224859744,1.0
237,-4.574027455199767,3.6851470168689033,0.0
238,4.775819227245036,3.4912411796979956,0.0
239,-4.909379348266533,-5.673646166784284,1.0
240,4.8934938533066825,-1.6282843541575527,1.0
241,-1.9629743041996157,-8.357467846438224,0.0
242,-3.5103341797809366,1.7002751169138222,0.0
243,2.7510632522219596,-0.8614516154247733,0.0
244,-4.898350723272421,6.183971603325121,0.0
245,-6.991743801112612,-2.833118838469954,1.0
246,-3.685994340650562,-9.096548341662839,1.0
247,-1.9420237655183097,-8.025209929000157,0.0
248,1.8511730772698356,-1.4841738669425213,0.0
249,0.33453633565036156,0.9214770671176029,0.0
250,-5.952410583638937,2.4769619524761466,1.0
251,-2.2516050094068354,-8.387132622508677,1.0
252,2.952113544926456,0.5981907899663665,1.0
253,-2.323416912004155,6.9590674326963935,0.0
254,-1.705204918969692,-7.715777509283742,1.0
255,5.549089249516224,-5.247888446954116,1.0
256,-5.867152161113186,-6.152955902143796,1.0
257,8.402099905899494,3.1130647822536384,0.0
258,-1.6247686836311384,-8.828305587715333,1.0
259,5.917699907068915,0.5279650585421842,0.0
260,5.893934899334308,2.0531661577748164,0.0
261,-4.431670532309635,-3.1929271663427334,1.0
262,-5.830781029474498,-7.698176123576911,1.0
263,3.1461606929351946,-2.6502601424119367,1.0
264,8.48621307673023,0.6253577929004281,0.0
265,0.01656514532617348,-7.342995078715045,1.0
266,-1.8568471728906109,-8.190283944386728,0.0
267,-4.616075334718454,5.074427990735745,0.0
268,-1.1431329027643673,2.728938022048366,0.0
269,-6.5859611721984015,0.4690289631063078,1.0
270,-2.5986577822686088,-6.322720019836209,1.0
271,6.886826070631236,2.172799046843798,0.0
272,-3.7573772078964325,4.425145220606901,0.0
273,-8.103652574539444,-1.1304079128727615,1.0
274,-6.413332568001166,2.15269059118763,1.0
275,1.7437946545131344,-0.23684339138681043,1.0
276,-7.307859580297422,0.3381768543108959,1.0
277,3.709684110313801,-2.2426158297311543,0.0
278,1.3464541119221451,-1.8809134918500767,0.0
279,-1.5920898814054696,5.629850255665629,0.0
280,-0.910268682702432,-7.446914771503681,1.0
281,-5.198970647015041,-3.659756277472926,1.0
282,0.36852270764923145,-1.783690780880667,0.0
283,-1.2775880386704956,2.069346004891504,0.0
284,6.532058032087862,-0.3929459261671414,1.0
285,2.5913082810649457,-0.6865195672673068,0.0
286,-2.0322887562761083,-8.475520709054095,1.0
287,-2.86826214595978,-7.025592715993234,0.0
288,-6.23864096961453,3.1983560699600373,1.0
289,-2.5544379444972227,-7.482656736398037,1.0
290,2.8238617533809616,-1.6334585317398667,0.0
291,-3.5772595593009937,-6.5491326633576845,1.0
292,-8.651771572146735,0.7548679704010886,1.0
293,-6.821536639949723,0.050650342955615324,1.0
294,0.16925407076943288,1.9141194021050776,0.0
295,-0.13021409054288569,-7.463664351696152,0.0
296,-4.172066381202361,4.929171233561234,0.0
297,7.619483332237157,0.3881065633642147,0.0
298,-0.5378821087374911,2.758206231683313,0.0
299,-1.9500056915529318,0.8699739258684296,0.0
300,-4.8059989138135455,-4.497264990398313,1.0
301,6.888279827184649,4.148890698107684,0.0
302,-7.701652578136072,-4.668322134981032,1.0
303,8.7760758730711,1.0999576015410524,0.0
304,-4.72706834552976,-7.417215311671178,1.0
305,-3.4737288279001897,-6.089822346451224,1.0
306,-3.950720682679779,-6.828378076307597,0.0
307,-2.5934376510128874,-5.411792833230934,1.0
308,-3.6489368932442234,-6.175988608367537,1.0
309,-5.916205851808252,-3.035874317733425,1.0
310,5.46904959168798,-1.7432574758499144,1.0
311,-2.823122251293918,-6.957083143029303,1.0
312,-8.527303004443846,0.6314313006671955,1.0
313,3.162358331445918,-2.3696596251602644,0.0
314,-1.7962565261476353,2.329020268642557,0.0
315,9.096718506080155,0.9442091080795905,0.0
316,1.4330011225051968,-2.835266881816033,0.0
317,0.9561878687675102,-2.7607249717916726,0.0
318,-1.069443995468304,-3.9511147408006693,0.0
319,-7.981044665171652,1.851544785613168,1.0
320,-2.8078155073380464,2.8939888890243872,0.0
321,4.152470183078291,-2.8424052294029147,0.0
322,-2.1906691817354904,-7.347582297805707,1.0
323,-0.8349210106982069,-6.8573795898951895,0.0
324,-0.9738190438706877,1.2934408389349616,0.0
325,-2.233572077750581,-5.8850663453999585,1.0
326,-7.3809716481982655,1.2550263883620978,1.0
327,2.7070273683399897,-1.0021773025353757,0.0
328,-2.932046988233357,3.2052259427449425,0.0
329,-0.9386452359302926,-5.785082899560656,0.0
330,-0.7212583039580873,1.6933349227804357,0.0
331,-0.276705167935686,-9.589565446549312,1.0
332,-2.9946549795927853,-9.86784263146329,0.0
333,-4.053226942189168,-7.634960052684387,1.0
334,2.1845392681043796,-0.18855455122937714,1.0
335,2.562185005483716,-3.874049464116676,0.0
336,-2.6958736784931547,-8.194301375346809,0.0
337,7.408333955478345,1.8712750250863301,0.0
338,-1.3463580233682582,-7.796928012258437,0.0
339,7.522553811225447,3.1028530406084416,0.0
340,-6.0980698343128426,0.47228566055438176,1.0
341,1.371539440703384,-1.174891547848808,0.0
342,-6.634250985957903,1.9443408242869529,1.0
343,-0.3011302294372893,-2.11431453407464,0.0
344,-3.232709617028835,3.02502327297198,0.0
345,8.544988806292146,2.7428495795062484,0.0
346,-2.7127163633465576,-8.942393450210439,1.0
347,1.2796847230037551,-3.0047844960836656,0.0
348,-6.280492584254961,-0.5279055785086808,1.0
349,-2.0183322176571283,-5.899283896985182,1.0
350,-3.164818961584856,-10.400938371610355,0.0
351,-8.870159017902779,-3.6562809426104934,1.0
352,-3.06777255025713,-7.829453222949201,1.0
353,-0.22786113211110814,2.2611155075400466,0.0
354,-7.49026587033197,1.0003540737576353,1.0
355,-4.567063845897371,-4.480197686572506,1.0
356,2.241425083489406,0.30764214160550507,1.0
357,-3.168284835142675,-7.165533079753194,1.0
358,7.922134416209591,2.1726581532890554,0.0
359,6.428532077023803,0.795447716390632,0.0
360,-2.6045419003228765,-6.217679710560425,1.0
361,-3.661687097463708,-7.617788894101799,0.0
362,-1.9544685798775983,-5.401020479750956,1.0
363,-4.32691942233698,-6.864392676069872,1.0
364,4.405266382672124,-2.6128282999332395,1.0
365,-6.684412630819223,1.4550555696611285,1.0
366,-2.8403011034662997,-7.44103185005773,1.0
367,7.183214755194164,0.9411402198914123,0.0
368,6.546587147848504,1.3907069890859838,0.0
369,-5.414921215406144,0.9086403211791687,1.0
370,-1.6430191212887029,5.910462686390713,0.0
371,-2.803645720073007,-7.410805104555473,0.0
372,4.391441845864535,-0.5782382139532126,1.0
373,-0.488491149254739,-8.790622837395897,1.0
374,-3.036164960497522,-5.715365768306324,1.0
375,-3.580126910485448,0.8757120735764587,0.0
376,-0.3239909071329422,1.9570890435220565,0.0
377,-5.0895715948686835,8.28116594390258,0.0
378,7.058031541138245,0.1420663168790961,0.0
379,-0.729839149863011,0.220862568685809,0.0
380,-3.6627568197564737,-5.537092147154077,1.0
381,-5.427840896203658,-0.35375715253359463,1.0
382,-3.2657351552578713,-5.972022107946752,1.0
383,-2.9598941273224266,5.883753042679068,0.0
384,2.3359284821685264,-0.9441046629694914,0.0
385,-2.607610974751705,-7.921872220745247,1.0
386,3.56318820616439,-0.6175663833169334,1.0
387,-1.3404077105085852,4.36518699878884,0.0
388,4.701340269721204,0.25586191427375016,1.0
389,-6.39213923112209,2.0729313975331207,1.0
390,-1.165485097455162,-1.7456748953619226,0.0
391,0.19714510577052913,-2.185765234504271,0.0
392,-5.5149455479646665,0.6392968731065416,1.0
393,1.450927805604957,-3.180597147134182,0.0
394,-3.343618920370618,-6.642217803161466,1.0
395,-7.489155881947005,-0.23512262671880735,1.0
396,-2.0644428972222553,-10.855644272926845,0.0
397,-0.8085555669797634,0.8449331316334554,0.0
398,6.101227663668695,-2.3193185600816375,0.0
399,5.351481250932814,-0.923591098976086,0.0
400,0.7789503875954364,0.25464520279615943,0.0
401,-0.7875575512973088,3.9641121681863427,0.0
402,-7.8828440538809526,-1.7345528673063253,1.0
403,0.44798485608291205,0.1950500031981166,1.0
404,-0.4333564545371864,-4.152506326303737,0.0
405,0.5695476167634718,-1.3475457694953366,0.0
406,-3.011529008323965,3.1785492485761524,0.0
407,-1.2182914070847373,-8.915624930647319,0.0
408,3.0909426495366548,-0.9137519776681113,1.0
409,-3.309311082624723,-8.346699320637313,1.0
410,-1.2752653095113096,-6.721438706511693,0.0
411,8.059511512122015,0.8311044670145353,0.0
412,3.9386824478145206,0.6748363143833944,1.0
413,-7.076658053211059,1.6458600690645027,1.0
414,-1.619462595497252,-9.524058034110826,0.0
415,-2.3820798978178175,3.1964037836600676,0.0
416,-4.605498282645027,1.0706226543888469,0.0
417,-2.4309095202736355,4.524785604850246,0.0
418,-1.1410483548642314,-6.698345097634007,0.0
419,-5.775229419721203,0.06471752768311961,1.0
420,4.367054257833795,-1.947014490089359,1.0
421,-7.380530719252388,-1.3815265141333033,1.0
422,-0.07005254030978625,1.1391769979141722,0.0
423,-1.1605006695998024,-7.034089816996884,1.0
424,-2.2078070540695216,-8.22751253529256,1.0
425,4.75497414824948,-4.49391207663737,1.0
426,-2.155326714965557,5.12860911048399,0.0
427,3.8172987990795937,-0.0354097489455143,1.0
428,-1.381123422129465,-7.581077200130997,0.0
429,0.060436558582731115,-0.15645224357415488,0.0
430,3.1634767759118283,-2.8529963967915752,1.0
431,-0.7261337523946123,1.8753321659812272,0.0
432,-1.779161575219327,-8.240952002089923,1.0
433,-1.5867130240373715,-0.11373283756320451,0.0
434,-1.4026014785415495,-8.14287554961582,1.0
435,-4.943983085388371,-8.722223645084354,1.0
436,-0.4913538044319792,-9.375689812705408,0.0
437,2.345475574025321,-2.3801397586697965,0.0
438,-2.9308265072701234,2.795080862668513,0.0
439,-3.530517458938376,-6.794404240885477,1.0
440,-7.57307085199029,0.7899596782027087,1.0
441,4.593671585051367,-0.5695277505493289,1.0
442,-1.8513011012363647,-7.731225596676553,1.0
443,-0.170011092213461,-7.982437753054991,0.0
444,-2.368351191085512,-7.2373969567183405,0.0
445,-8.03033462872646,0.06583841401207197,1.0
446,-1.404002087119455,-8.193228918695377,1.0
447,-1.2803538001835766,2.237150297105919,0.0
448,-0.25260967385218436,-1.5748848228440748,0.0
449,-3.7516075641587436,-8.195367533732433,0.0
450,0.2246443429010434,1.0563584420767067,0.0
451,-2.8203009198050477,4.322825446275166,0.0
452,-9.66066830438111,2.126296009749382,1.0
453,11.0720660523162,2.530694173743025,0.0
454,-2.863716456635834,1.3744675827889274,0.0
455,-1.220744193326995,0.9147694939943206,0.0
456,4.697854620996877,-3.9462117414363442,1.0
457,-2.871025062328902,-6.589827688567152,1.0
458,-7.244120855878395,-1.968613368543648,1.0
459,6.22626670509317,2.279439612328275,0.0
460,-6.74470602771647,-3.7938728107759077,1.0
461,-8.741573960106631,1.0550150109783711,1.0
462,-5.4499601642148505,0.9996163644140572,1.0
463,4.237384205233197,-1.5081797815045723,1.0
464,0.072980827768381,-4.185440461218208,0.0
465,7.442755237975721,1.2230984980857318,0.0
466,-5.750544097781073,0.5852269539763097,1.0
467,3.573825507604539,-2.3373885117462674,1.0
468,4.289164648620599,0.9172175206683439,1.0
469,-4.265582896869573,5.511648799863002,0.0
470,5.907487512658209,-1.0695420783497647,1.0
471,1.7557439063776714,-2.7640886396588877,0.0
472,-6.589202129425159,-0.890246916750502,1.0
473,0.884577688196808,-5.183411432402179,0.0
474,-4.777771470703742,2.206340354119777,0.0
475,-1.672923225586203,-7.171024231254844,1.0
476,-5.126615838639268,2.253817060003094,0.0
477,-1.2275087044696293,2.885440603488731,0.0
478,-1.7248068759837232,-8.592348308136199,1.0
479,3.9521885260252767,-0.6725415042756071,1.0
480,4.099468725450245,-0.29478334000050554,1.0
481,6.211046541571356,1.369746267219713,0.0
482,-6.113163515168325,-0.7254744437655867,1.0
483,-5.89712434862821,0.08153258104455602,1.0
484,-0.5692554557383571,0.6398857557095095,0.0
485,8.93405520767152,1.15819620402062,0.0
486,-2.452313072467072,-10.351155706593165,1.0
487,-1.2035464533837457,3.2853296594081858,0.0
488,-3.244847527792708,-9.059769036196313,0.0
489,-3.2951760742661573,-8.344362210691893,1.0
490,-5.065006480957735,0.9771745791224579,0.0
491,-2.6158734760982645,-9.003928540736206,1.0
492,5.292965217797146,2.0518412867708182,0.0
493,2.9834522740634943,-0.9801061206387818,0.0
494,2.004390118439806,-1.5072646248309967,1.0
495,-2.459325399325333,3.4772158838037672,0.0
496,1.0905795407325312,0.02516652527933183,0.0
497,-1.503333703804516,1.3088673392168395,0.0
498,-1.15362851832926,1.4000328231410368,0.0
499,-4.64917386780704,-6.5105891711760915,1.0
500,-2.8506780932839284,-7.896108845761114,1.0
501,-6.589073785606352,0.43830766224259066,1.0
502,-0.9515350748338157,1.8263057140619605,0.0
503,-1.742870539853568,-8.29210507201796,1.0
504,-2.3627150959316117,-5.25691450653493,1.0
505,-3.4455066867111537,3.9329451409617255,0.0
506,-3.0466451637548597,-7.141819127392463,0.0
507,-0.6742189421401434,-3.3281395433278966,0.0
508,-2.211616557643841,-8.919597645271148,0.0
509,6.620243081774078,1.425583586976614,0.0
510,-4.255897593398464,-5.2671789273580805,1.0
511,0.05577604317396423,0.49759186151963597,0.0
512,-0.1998278456051059,1.778669843187706,0.0
513,7.1090057230485195,0.9103395202131023,0.0
514,-6.182562080382853,0.769652567910516,1.0
515,9.196498628118801,-1.1745974780057882,0.0
516,-3.418130842178197,1.6202499198649831,0.0
517,-6.6132954658934295,-7.0828209538985805,1.0
518,-4.78799689007591,6.661414025084026,0.0
519,5.586189388249853,-2.331317006123882,1.0
520,-3.1801543900349487,5.088832185069888,0.0
521,6.063214759223587,1.0679718557719693,0.0
522,-3.286531841877709,-10.831144720234558,1.0
523,0.6877343171940753,-4.416076925375389,0.0
524,7.96152485513737,0.6953021466530386,0.0
525,-2.775125125892862,3.117679453694531,0.0
526,-7.07584603433182,5.3264284294953494,0.0
527,5.156533048406555,2.638826277727732,0.0
528,2.6413142267782206,-2.4089649139411136,1.0
529,-3.829838439992921,-6.309370193038231,1.0
530,2.4422819395417803,-0.4078673037713989,1.0
531,-1.675879774180119,6.435832133616179,0.0
532,-3.1027454289030487,3.52305717232477,0.0
533,0.4814936239385921,0.9733849441696177,0.0
534,8.964488935767132,1.1678539579039837,0.0
535,-4.621811932928585,2.2594725176612505,0.0
536,-1.132418977277526,-6.425892020163584,0.0
537,-6.802067684639285,-2.3350034131540247,1.0
538,-1.4694749103036118,-8.052083204169284,0.0
539,-3.074907865556065,4.348011350636509,0.0
540,2.445724536140483,-1.581478276627579,1.0
541,-2.5004524202277865,-8.684667859129913,1.0
542,-4.9000436430088605,6.022631356122198,0.0
543,1.8868040376768636,-4.181912242299323,0.0
544,-4.442731238600469,-5.673848386789235,1.0
545,3.113733751590985,-2.0039653650645017,0.0
546,-5.627974289841131,0.40952242170663367,1.0
547,-6.436582914117486,1.0471577901119344,1.0
548,9.159894082213565,3.0960902024374777,0.0
549,-4.508631581389645,1.541577268572965,0.0
550,-1.902010552869018,-8.560836008708911,1.0
551,-7.520230337357564,0.8523625936897713,1.0
552,3.4319630050240977,-1.8886438631662508,1.0
553,0.8818306522533937,-3.5269981963427632,0.0
554,-2.037458352028493,-9.168179676499031,0.0
555,1.5378579225937028,-3.71112997080372,0.0
556,-7.749558839664401,2.5589157284631208,1.0
557,-8.151178882631594,-1.9245938393706963,1.0
558,6.734907163235742,4.222952473084112,0.0
559,-3.5579874925305144,4.515828075459072,0.0
560,-2.381807649225882,-8.333496499366138,0.0
561,-2.9794694257176286,-8.429263451130216,0.0
562,-4.694155804058909,-5.049458510905761,1.0
563,-5.00979644448813,-5.581852855692475,1.0
564,-0.0412641536346352,4.108078964769408,0.0
565,-5.144062930897652,4.435971377825221,0.0
566,5.6111548013610655,1.5217832365147173,0.0
567,5.4073209212961,0.14750014857110294,1.0
568,-0.6085007459981142,0.033232767476946146,0.0
569,-1.8002349263595572,-4.462263449996835,0.0
570,-0.4657468228895709,-7.193243042518982,0.0
571,-2.9768937646132043,-6.170788445166423,1.0
572,-2.951970242200229,-7.801681819745499,1.0
573,1.4198193449627325,-3.309383848889849,0.0
574,7.427344593584493,0.37439414465004606,0.0
575,6.721796596979542,-1.9533152377550216,1.0
576,-1.4034706763429892,-8.243551284843319,0.0
577,6.74765242026656,-0.3802581207044713,0.0
578,-0.7563919651517479,4.858337493695566,0.0
579,7.536896249173945,4.2694695194296965,0.0
580,-4.664432692733825,-7.492620989822911,1.0
581,-0.16150228107265852,-8.273101110814899,0.0
582,-1.807737931076098,3.1742957331478334,0.0
583,-2.5227971864562964,3.4236067204828067,0.0
584,1.583604679955439,-2.1268323454653606,0.0
585,3.6013260613359948,0.4803873470718114,1.0
586,2.2613599609114323,-0.9609364937135316,0.0
587,0.7779995567188911,2.38113850782282,0.0
588,-0.8066311199004533,-7.358494426184194,0.0
589,2.98899487241051,-1.6910698301597922,0.0
590,1.6314706615474788,1.6211489034947923,0.0
591,-4.3359078207883135,-6.412495402399661,1.0
592,7.6845850359741394,0.8220677401778496,0.0
593,-4.506793064174381,-6.643905655410272,1.0
594,-2.037590118484044,-9.24723420391299,0.0
595,-0.5701690072929784,-8.414059321350889,1.0
596,8.095812012758758,2.138450062540604,0.0
597,-2.007152619215878,-6.4896350202608595,1.0
598,3.501357917130041,-0.10367935300395303,1.0
599,2.169681354645707,-3.5153810149477467,0.0
600,-3.505934495876145,-9.42844852794829,1.0
601,-1.7221816595148354,-7.8616717250859,0.0
602,-2.768735584053697,2.351405509345733,0.0
603,-2.9755767268218074,-5.970410786975219,0.0
604,1.097956434532586,-2.2418164193165753,0.0
605,-4.765385054793172,-6.773546301427309,1.0
606,-4.8638956102040884,-6.546477691714955,1.0
607,1.4487135004217329,-1.8291196185127174,0.0
608,6.392028258802259,1.2068637958508164,0.0
609,2.041396301438135,-2.4732575776918098,0.0
610,0.40134726057540004,-2.9139618443988695,0.0
611,9.492454807111619,2.1503180906305963,0.0
612,-0.9510372815377445,-9.610540538659144,0.0
613,3.237134754395244,-0.1368612529712454,1.0
614,-3.2452382169640925,-6.079018352357361,1.0
615,-5.995549770159068,-6.050092972692626,1.0
616,2.4515778667447847,-2.401118498951334,1.0
617,4.5965594758752975,1.2695007975513117,0.0
618,1.473522779757292,-2.6743818167349116,0.0
619,-1.220684520242884,-7.841438822849623,0.0
620,-7.469010017138137,-0.45520578400640754,1.0
621,-6.7760387516583025,-0.7029880772609889,1.0
622,7.477132785281131,0.9139683466432545,0.0
623,-1.6256679347077714,-5.841661094928874,1.0
624,-2.575497343033463,3.4069410256543993,0.0
625,8.664299037592006,4.073005303661108,0.0
626,-3.2685557146902493,-6.68160526061883,1.0
627,-3.2719085910037604,3.1367052039263266,0.0
628,6.944279096723702,3.8409587767607465,0.0
629,-6.124598677833631,-0.026692114809731105,1.0
630,2.958996713890737,-0.6991498350575935,1.0
631,8.042077862417877,0.9294242474887279,0.0
632,0.7334445134644205,4.476749609413149,0.0
633,-6.115459550390474,2.898842428408679,1.0
634,-0.2336213257285671,-7.936629422846266,0.0
635,2.439510784129165,0.027901894588177933,1.0
636,0.6499884679297678,-8.159713456515462,0.0
637,-0.9341393028938259,-7.533453705157757,0.0
638,3.3211586879672166,-1.8211758855864812,1.0
639,-0.8843956334674954,-2.3977183025869313,0.0
640,0.5029853974040863,-4.716380480725782,0.0
641,-5.0239353635358235,-0.18343528326582093,1.0
642,-1.1495783436624363,-6.845495095752772,0.0
643,8.116596510446717,3.448990177612154,0.0
644,-6.9829771419612845,0.8349386843094144,1.0
645,-3.1424836969325503,-6.407834356688931,1.0
646,3.6866573162289336,-1.6638043089974688,1.0
647,-4.521635254426659,-9.13877778111559,1.0
648,-2.033101479018755,3.6116497784402193,0.0
649,-4.503368400996254,-5.716723200935257,1.0
650,-4.921331274883791,4.172617058490578,0.0
651,-2.694354397782797,-6.608254839954235,1.0
652,-5.303604156829638,-6.6853577193492715,1.0
653,-0.9754827482857681,-5.829395368202326,1.0
654,6.586793207260054,3.753098099952675,0.0
655,-2.642355386910063,-6.931115753569212,1.0
656,-1.7304222472886681,-7.77493047330861,1.0
657,3.2889105407300105,-1.913127080136475,1.0
658,0.4294347843831763,-0.05857541836316482,0.0
659,-0.4047882057174974,-6.467444969783251,1.0
660,-0.44831296436325074,0.5999199890830589,0.0
661,5.635918790759149,2.293341346652538,0.0
662,2.708707406253333,-0.988586524742862,1.0
663,-2.7157224126927892,2.73425197477086,0.0
664,-4.677835227083717,1.275121825534086,0.0
665,-5.8514129142487175,-2.092067533728613,1.0
666,7.185277212114956,3.479106386061506,0.0
667,0.193432823557235,-4.800806534839847,0.0
668,-3.418226795886294,4.835715484363341,0.0
669,1.1384830698123207,-0.6350190862056112,1.0
670,7.015386448225173,1.9480792227730823,0.0
671,2.6340555874063885,-0.1884490389076494,1.0
672,-4.416310015834781,5.6268132649550795,0.0
673,-2.0986408317241705,-8.248963684804064,1.0
674,-0.2921455032862974,-5.799252416002155,1.0
675,6.670929918978865,0.4451179360148747,0.0
676,-1.7195775347857907,-7.566687012175828,0.0
677,-7.727987009780785,2.2199145837447265,1.0
678,-3.838279673738022,4.62070000655836,0.0
679,1.1021441220581476,-0.5333018793455064,0.0
680,2.2532600976190214,-0.28779115462745075,0.0
681,-5.955463105590226,0.3966898266172276,1.0
682,2.6928293202113296,-2.268576004639009,0.0
683,0.43324027761799255,-1.4155152904640433,0.0
684,-3.624143880804861,-7.643072334184278,1.0
685,4.94418288059606,-2.136037330061422,1.0
686,1.192862562739458,-4.647585272726772,0.0
687,-4.312222646095012,-7.35676521829563,1.0
688,2.431556293235449,-4.594878072135325,0.0
689,1.2448920049735013,-0.13203592189371816,0.0
690,5.15938237820281,-1.3541740257077812,1.0
691,-5.662948332694623,0.6987439965505912,1.0
692,4.45342534216365,-2.052162971364102,1.0
693,-6.392590770648784,5.366729901877412,0.0
694,-0.6614148106916702,-3.9220673011326213,0.0
695,7.558326928046849,2.4783467689788545,0.0
696,-6.349055741589462,0.8085585865674673,1.0
697,-3.598610360949426,-8.11496296389761,0.0
698,-1.5855944732969287,-6.7742476478811975,1.0
699,-3.981219274892039,-4.273675829982103,1.0
700,4.186824776977962,-3.0866331847458355,1.0
701,-0.9604639009384742,-7.265227044400267,0.0
702,0.6716579084402589,-0.05660449395379619,0.0
703,-1.5765892544940043,7.019856786211473,0.0
704,-1.4927520729094546,-4.913849832614275,1.0
705,0.922276598833148,-2.4377760669755113,0.0
706,5.751861508906136,2.8224861448789245,0.0
707,-5.135150720702271,-4.834045817628579,1.0
708,-2.3795194731198963,-8.464820577142405,1.0
709,3.428241860869024,-0.7348844292638428,1.0
710,8.654325199671483,2.694663186699928,0.0
711,-0.2951306994784352,0.639294839495226,0.0
712,-2.5067715234426595,0.1886795384667015,0.0
713,1.2433946703057799,-5.641099654929183,0.0
714,-2.5188728948342844,-6.447689437057484,1.0
715,0.08117610672469677,2.359631280095632,0.0
716,-2.826809716790563,3.5384843444147727,0.0
717,-1.5044571285963906,1.5006586373920774,0.0
718,6.863898007095197,1.6505332481101247,0.0
719,-3.4746387628353377,2.572044817387031,0.0
720,4.837756654012338,-0.00044152817988352133,0.0
721,7.030361486361248,3.691233209592593,0.0
722,-1.7817082771540673,-8.769941803236293,1.0
723,-2.244221781927338,3.2077537269295613,0.0
724,-1.2475980683916323,-9.280666918163458,0.0
725,-0.2537765138946766,-6.587149263834298,0.0
726,-2.0603124339835026,-6.1267968068947845,0.0
727,-1.9603214343547484,-8.183418672987496,0.0
728,-0.9826720342807331,-8.991508755976806,0.0
729,-4.217907046792864,-4.565821368913462,1.0
730,-8.875486388930923,1.534521679809865,1.0
731,1.9036059872546987,-2.056507454207795,0.0
732,-6.200407005049329,-4.031119254200597,1.0
733,-1.2979324749957362,-8.62091532571729,1.0
734,-4.392218287377691,-9.078469630563502,1.0
735,-4.011107901316304,-5.064253378220447,1.0
736,-4.048217471465982,-5.814150660361318,1.0
737,5.445796234269234,-1.4660927056282282,1.0
738,-0.9906151207846595,-8.257484172328603,0.0
739,2.519426227763735,-2.1602954637136267,1.0
740,1.9665000720130155,-3.659795206499221,0.0
741,-7.975765131885078,1.2647088147170136,1.0
742,4.678851478615347,-0.9880521955811669,1.0
743,7.063233921414513,0.29492732739884353,1.0
744,-2.5267120471857254,-8.739784672488822,1.0
745,-3.467635043904924,-7.901940035083007,1.0
746,-1.0993261255062299,-6.4901212740523455,1.0
747,-5.091491901837849,-6.968870477364539,1.0
748,-0.8235323377281507,-6.270441997120885,1.0
749,-5.180950714403652,3.4046563182145495,0.0
750,-2.3355710881354987,0.809374664353,0.0
751,0.1337254490211648,0.37664916532911863,0.0
752,-1.4009738979828041,-6.138542401375949,0.0
753,-0.7326550222913137,-8.996844337877478,0.0
754,-2.6306326835330998,-7.653157503898676,0.0
755,-3.130220015623562,4.873556694555015,0.0
756,-0.40412805682922537,-3.9650231484760523,0.0
757,-1.3303192930855794,2.2641542525886837,0.0
758,-1.0288068976001814,-8.67960261361704,0.0
759,2.6338949783604826,-3.058281636141819,0.0
760,5.344569279365535,0.9437727111707581,0.0
761,-2.5622018612496498,5.1213167001570135,0.0
762,-5.883023786609312,0.6297194529230268,1.0
763,2.9693831354116487,-0.4889840923496558,0.0
764,-4.7388053459981645,0.14668427008824625,1.0
765,6.815891777371989,2.779207288555412,0.0
766,0.020861647845629827,1.9448615333253216,0.0
767,-4.380854187323491,-7.707261416314488,1.0
768,2.1688723745927296,-0.6435340359780771,1.0
769,5.49995595855218,0.524838991380582,1.0
770,-2.6251069649084666,3.5324878101497066,0.0
771,-4.172925793221495,1.1934668703416689,0.0
772,4.555943084030077,-1.3083359848280918,1.0
773,8.825005483258344,3.8067032903977807,0.0
774,-4.516821229875159,6.9286806809622785,0.0
775,2.857698179841193,-1.0840715959728229,1.0
776,-5.728693108475307,2.023023959040197,1.0
777,-1.7596636704586281,-6.579476599103847,0.0
778,-6.273100264642136,-2.8209774960826914,1.0
779,0.19941206571102144,0.7975698439356923,0.0
780,-2.7738769451006204,-5.922676943156585,1.0
781,-6.71496731466358,2.015567304134353,1.0
782,2.5026060438021958,-3.34355174096122,0.0
783,-8.861065453104258,-1.1322035553810395,1.0
784,-1.1247785587518384,-7.756008973152969,0.0
785,-4.1013880153041935,-5.151244617025924,1.0
786,5.917499323706624,-2.701297699420476,1.0
787,-4.209185448787755,-6.001832737356654,1.0
788,-2.4217270532898407,-5.5372064528774025,1.0
789,7.210842827426043,3.027598932702058,0.0
790,-1.327762323565676,0.9287557142569953,0.0
791,5.344232039816732,-0.14438805723620662,1.0
792,-2.853154827497999,5.062263038127719,0.0
793,-0.7575369445649847,2.3637276120314614,0.0
794,3.576902805659338,-0.9024774318452828,1.0
795,7.95695954962934,1.2847096106262212,0.0
796,3.2306905084879993,-1.2652613468443905,1.0
797,-4.279541785524066,-5.050692942916596,1.0
798,4.943429589017896,1.5190058669198017,0.0
799,7.633300643077025,1.6875206560151605,0.0
800,7.981390588837427,-1.130710279413813,0.0
801,4.736531068535237,0.47604691043841996,1.0
802,-1.6878085569013273,2.4315749212270683,0.0
803,-0.8662979240979274,-3.683348150302675,0.0
804,-5.203787432827786,-7.817011333261947,1.0
805,-5.997644679373538,-1.4342340351294645,1.0
806,8.091376564478091,2.1431747525124187,0.0
807,-3.1985410381895796,3.598501261631917,0.0
808,1.4382289201109117,-3.0137119772961443,0.0
809,0.38386243307604295,0.3941462108910645,0.0
810,-3.5385405390545768,-7.626499146766815,1.0
811,-2.004196335770683,-7.310891366689211,1.0
812,-2.182720268428663,-10.199214666086563,0.0
813,-8.411557195640949,2.5182593377352216,1.0
814,3.2277399888867317,-2.7745556127593307,1.0
815,-0.4535474306202092,-5.777370048407513,0.0
816,0.1111850060817936,-3.491530929825738,0.0
817,-2.3889932753979135,3.3936607052584415,0.0
818,-0.2108051318119082,6.26921580129183,0.0
819,3.0093057836165347,-3.7880294862650747,0.0
820,-4.063205169223149,-7.122525473579919,1.0
821,1.8027238791380502,2.348629008845047,0.0
822,-3.7090484707307816,-7.247299311304008,1.0
823,-0.8269774792755794,1.6229387886564786,0.0
824,-4.338766550253041,3.1103539595139966,0.0
825,9.604514803863138,-0.022106805980145694,0.0
826,-2.598407195703394,3.600626956125466,0.0
827,-0.8728964766686002,-7.427372849594039,0.0
828,2.644364720695931,-2.467832535449982,0.0
829,0.41524351862788134,2.020125789066381,0.0
830,-4.462885491599851,5.655271393977666,0.0
831,-5.695749807320419,-4.248652625582393,1.0
832,-1.2486841071674957,2.611872013321468,0.0
833,-2.1055758885553937,-9.546094435862265,0.0
834,-0.6800824554299219,3.728723113489715,0.0
835,-4.427439574837643,-6.526938294792175,1.0
836,-5.681900685752372,-5.687828202671653,1.0
837,0.2772140112242141,1.402354234953208,0.0
838,-2.9465379387919595,3.8321179167453154,0.0
839,-0.789374791605296,-0.6966934873934494,0.0
840,-3.5863254739084742,-6.260726138580176,1.0
841,-7.349621406376291,-0.6203992616957279,1.0
842,-0.3518649411502668,-4.141671915732816,0.0
843,-1.2031810023506835,-6.683026304909708,0.0
844,-1.2560786125915397,-6.866241367896207,1.0
845,-1.6971708200487405,4.091638105814949,0.0
846,-3.1373589838907514,3.5200460965502174,0.0
847,-3.7834091823287888,4.947706278441442,0.0
848,6.438025293498681,-0.38235445541642,0.0
849,7.615858785216931,0.7703657044303124,0.0
850,-4.1507178218896525,-4.3816057820932865,1.0
851,-6.631860485060171,-1.0908920492208347,1.0
852,8.658659291705764,1.408555813847793,0.0
853,-2.2971527169136006,-9.823338351783649,1.0
854,1.5966141993185348,-1.672211050612082,0.0
855,3.4800365887862794,-3.1691741073465076,1.0
856,-6.904822822348021,-7.287391435763057,1.0
857,0.13067232578478238,0.4420485575538744,0.0
858,7.876498632544777,0.991700761000246,0.0
859,-5.192358425193513,-7.136949288483346,1.0
860,1.313630920554433,0.13838498336540006,0.0
861,2.8952561303762634,-1.23303372170707,1.0
862,4.274127889647445,-2.5114411523767335,1.0
863,-0.3255409935397169,-5.583084381347653,0.0
864,1.256086611458389,-0.8491374595296886,0.0
865,2.464090574269343,-1.1426143164551106,0.0
866,6.39490558564271,3.422320847587503,0.0
867,-0.9130887834805566,-6.388961277319292,0.0
868,-7.271589841055164,-0.07230798924860365,1.0
869,-4.3596282643926925,6.072605339492875,0.0
870,-4.531755680866553,5.121516105055493,0.0
871,2.984590788362892,-0.35221376521752534,1.0
872,-2.145999783793133,4.699835423537308,0.0
873,-1.5074687548635364,-8.999358018732895,1.0
874,-2.7370259347945107,-6.1973522087211155,1.0
875,8.360815952774631,0.007070269616023195,0.0
876,6.3176536973913215,3.654434102952006,1.0
877,-1.2941166775544541,-7.64712398858267,0.0
878,-1.7172134176360387,6.316559037561927,0.0
879,8.01607995591809,2.3967587901671754,0.0
880,-8.356386905466254,-0.18495682605617325,1.0
881,-0.010193719783640809,2.6373567543025196,0.0
882,-3.1720542057920076,-9.688078422218547,1.0
883,0.29150744078216784,0.8587904151252677,0.0
884,-1.2027824141507955,-7.584723768740919,0.0
885,3.1704149072635035,-3.060753796977629,0.0
886,-4.04671709191409,6.7292291060690905,0.0
887,4.831704772711681,-3.029664123625548,1.0
888,-3.67133792810595,4.28304798270139,0.0
889,0.23619166190551577,1.4846768963066594,0.0
890,-2.169230752958182,-2.633818022700628,0.0
891,-3.037742592153957,-7.906189749015365,1.0
892,-2.9434410871379515,3.920618950969367,0.0
893,0.4613815348104021,-0.253020824613686,0.0
894,3.0476600987678406,-4.135668690365626,0.0
895,3.6219571963809645,-2.208359633391836,1.0
896,-4.433587430144483,4.329722962659358,0.0
897,-6.079263391099357,3.2842367369172103,1.0
898,3.6205913561504195,-4.302550858938208,1.0
899,7.320642968399249,1.5583414390773966,0.0
900,2.4561580959878864,-2.061461086412604,1.0
901,0.44043739165802265,-6.572931450064241,0.0
902,2.623832875514477,-0.314435646160689,0.0
903,-6.0870665686474315,-4.466110149161798,1.0
904,6.289042830193401,-3.7783381112867813,1.0
905,0.2573546119783985,-3.4991514168127624,0.0
906,0.48316113393917526,-5.307906494236136,1.0
907,3.0179375183612347,-3.4092839961311365,1.0
908,-2.710462515446927,2.0529483574903997,0.0
909,4.257236037448813,0.11693965951478313,1.0
910,-6.812618464271388,0.4528323856245639,1.0
911,-0.6317984720313052,0.9862018953308735,0.0
912,-0.8614960955084247,-7.629354234974336,0.0
913,-3.2590335053929094,-6.935870463066317,1.0
914,-0.2459573161424906,-6.775569956463774,1.0
915,-2.909335234133034,0.9517550378729199,0.0
916,-7.020625174030878,1.8110354345933903,1.0
917,4.890566282403299,-1.0370064250076183,0.0
918,0.617610616048068,-3.6365674169572384,0.0
919,-5.764080843943371,2.480598625981867,0.0
920,-0.7180665666070907,-7.297881725627726,1.0
921,-1.8799971674902438,-8.62441865382729,1.0
922,10.385777777110428,-1.7272950151389055,0.0
923,-4.296442880817389,-7.603048477612197,0.0
924,9.743292395599266,4.91324188697331,0.0
925,-3.37612772342268,2.1453536432586837,0.0
926,-3.8786419010313082,-1.114408160350641,1.0
927,-4.170105283142385,-4.750033988351428,1.0
928,-3.8058936309841425,-5.51886429542411,1.0
929,0.32372990070563357,1.8204777483249281,0.0
930,-1.9037387571347886,-4.937138263029459,1.0
931,-1.7571503965227855,-6.9544248878649135,1.0
932,8.612381721820487,1.4142335594685234,0.0
933,-3.966978456800754,-4.652080473303373,1.0
934,2.6799658633737398,1.1751304127593087,1.0
935,-1.661385191489786,-7.938097230217123,1.0
936,-3.602501714082257,4.452053242250906,0.0
937,-0.2779529746940579,-10.960898564205095,1.0
938,-4.774909483089865,4.406817172663456,0.0
939,-0.8369934263778478,-2.699776081444824,0.0
940,-1.2454785646816,-6.2714735635773735,0.0
941,-1.3750289812763126,0.7006198147421856,0.0
942,1.1554243176092338,-2.365183236534214,0.0
943,-4.1763665216673145,5.076943536735831,0.0
944,0.012869358650365204,-1.706426119227352,0.0
945,-2.9326313420465984,2.4371707326610244,0.0
946,-1.8974020397727687,-11.295944343860544,0.0
947,-1.0030904645873633,2.648725983241835,0.0
948,7.718487359429611,0.7284137001856374,0.0
949,-0.6485448139790453,-0.2491993627233895,0.0
950,-4.04641509924968,-6.250298098509613,1.0
951,-1.8579262425611165,1.019114220225214,0.0
952,-10.581844983283197,2.7442530119835067,1.0
953,-1.4178927703728994,-5.435840074194697,1.0
954,-1.52640529754125,5.539264763426084,0.0
955,-7.53308868881348,-0.546340543130326,1.0
956,-2.2970353185735215,-9.357295266502831,0.0
957,-6.754636139655005,-5.752260276651683,1.0
958,-1.7708759356073764,-8.395801658507887,1.0
959,-0.40103961242937003,-2.6648366364668594,0.0
960,-3.698036888802424,-7.801253096909722,0.0
961,-1.0012844091885533,-7.725012307182193,1.0
962,-2.2680348562311634,-8.126429177785175,1.0
963,-1.0430691582156912,3.0943910011592473,0.0
964,-2.120564768826866,6.706621064336634,0.0
965,-6.452037366411651,-0.8134035871611238,1.0
966,-6.461352464063785,-7.545786289146088,1.0
967,-3.696735298042165,-6.804696190001921,1.0
968,-5.73192636873096,-9.97144626901475,1.0
969,3.412746151284451,-0.20213879498962428,1.0
970,-3.9566781010549628,4.963419623455788,0.0
971,-2.3992806007237424,1.5656299389382282,0.0
972,0.8088102892715918,0.15092691300254724,0.0
973,-1.7513322317508293,4.643595659531483,0.0
974,7.653180575671761,1.2260506109473108,0.0
975,4.736530124421218,-2.714436677710052,1.0
976,-2.7897831507967847,-8.047758395308803,0.0
977,8.762470946150536,0.8060193795011178,0.0
978,-7.347912949838107,0.8061456362774536,1.0
979,-2.59571810020623,2.247298647063345,0.0
980,-1.1701342945604853,0.4377340059493049,0.0
981,-3.281725554168718,1.2723140508254418,0.0
982,-8.746236663390933,0.9365444711430696,1.0
983,-4.25551794445946,4.134168189006098,0.0
984,0.648572452213565,-2.1183889153246933,1.0
985,7.134916741936765,3.192522787268735,0.0
986,7.464930873915725,2.37375887943581,0.0
987,-1.2389723126183279,-7.220224500606778,0.0
988,-5.574516299800052,0.8821029727531904,1.0
989,-1.3906958307937016,3.4363350411413016,0.0
990,-1.9492362873414542,-8.369594770751146,1.0
991,0.5123217885198277,-1.52825333426992,0.0
992,-1.6721187388387002,-8.510182962039451,1.0
993,-7.317971569857918,1.2937770366397952,1.0
994,-2.238642123338263,-9.562800847790843,0.0
995,0.4795937146710805,-5.841643121143022,0.0
996,-6.051466657240056,4.922095131856608,0.0
997,-1.2394283195449516,-8.237745122978533,0.0
998,3.5452898498720433,-0.9281895452579692,1.0
999,-2.153799075099135,-0.7046059377970075,0.0

